Title,Authors,Year,Publisher,Page Count,Average Rating,Rating Count
Planning Extreme Programming,"Kent Beck, Martin Fowler",2001,Addison-Wesley Professional,162,4,6
Practical C++ Programming,Steve Oualline,2003,"""O'Reilly Media, Inc.""",574,4,19
Extreme Programming Installed,"Ron Jeffries, Ann Anderson, Chet Hendrickson",2001,Addison-Wesley Professional,290,3,5
Masterminds of Programming,"Federico Biancuzzi, Chromatic",2009,"""O'Reilly Media, Inc.""",496,4.5,2
Data Science Programming All-in-One For Dummies,"John Paul Mueller, Luca Massaron",2020,John Wiley & Sons,768,N/A,N/A
Cambridge IGCSE® Computer Science Programming Book,Richard Morgan,2015,Cambridge University Press,177,N/A,N/A
Programming from the Ground Up,"Jonathan Bartlett, Dominick Bruno",2004,Bartlett Pub,320,5,1
Programming Languages,Allen B. Tucker,1977,"McGraw-Hill Science, Engineering & Mathematics",464,3,1
Cambridge IGCSE® and O Level Computer Science Programming Book for Python,Chris Roffey,2017,Cambridge University Press,209,5,2
Logic Programming '89,"Koichi Furukawa, Hozumi Tanaka, Tetsunosuke Fujisaki",1991,Springer,186,N/A,N/A
Python Programming,John M. Zelle,2010,"Franklin, Beedle & Associates, Incorporated",0,N/A,N/A
Programming Fundamentals,Kenneth Leroy Busbee,2018,N/A,340,N/A,N/A
"Simulation, Modeling, and Programming for Autonomous Robots","Stefano Carpin, Itsuki Noda, Enrico Pagello, Monica Reggiani",2009,Springer,354,N/A,N/A
Handbook of Constraint Programming,"Francesca Rossi, Peter van Beek, Toby Walsh",2006,Elsevier,978,3,1
BASIC Programming,Heinz Josef Bomanns,1990,Abacus Software,740,N/A,N/A
Programming PHP,"Rasmus Lerdorf, Kevin Tatroe",2002,O'Reilly,536,4,1
Core Python Programming,Wesley Chun,2007,Prentice-Hall PTR,1077,2,1
Beginning Object-Oriented Programming with C#,Jack Purdum,2012,John Wiley & Sons,624,N/A,N/A
Computer Programming,Brad Edelman,2018,Raintree,49,N/A,N/A
Java Programming for Android Developers For Dummies,Barry Burd,2016,John Wiley & Sons,456,N/A,N/A
Goal Programming and Extensions,James P. Ignizio,1976,N/A,261,N/A,N/A
Linux Kernel Programming,Kaiwan N Billimoria,2021,Packt Publishing Ltd,754,N/A,N/A
Elements of Programming,"Alexander A. Stepanov, Paul McJones",2009,Addison-Wesley Professional,279,N/A,N/A
Fundamentals of Computer Programming with C#,"Svetlin Nakov, Veselin Kolev",2013,Faber Publishing,1132,5,4
Introduction to Microcontroller Programming for Power Electronics Control Applications,"Mattia Rossi, Nicola Toscani, Marco Mauri, Francesco Castelli Dezza",2021,CRC Press,452,N/A,N/A
"Programming in C, 2/e",Ashok N. Kamthane,2011,Pearson Education India,676,4,5
Access Database Design & Programming,Steven Roman,1997,O'Reilly Media,292,N/A,N/A
Access 2007 VBA Programming For Dummies,"Joseph C. Stockman, Alan Simpson",2011,John Wiley & Sons,408,N/A,N/A
Object-oriented Programming with Prototypes,Günther Blaschek,1994,N/A,360,N/A,N/A
Solaris Systems Programming,Rich Teer,2005,Prentice-Hall PTR,1256,N/A,N/A
Smalltalk Programming for Windows,Dan Shafer,1993,Prima Lifestyles,404,N/A,N/A
MIPS Assembly Language Programming,Robert L. Britton,2004,Pearson,176,3,1
The Java Programming Language,"Ken Arnold, James Gosling, David Holmes",2000,Addison-Wesley Professional,636,4.5,2
Delphi Programming for Dummies,Neil J. Rubenking,1995,For Dummies,404,N/A,N/A
Functional and Logic Programming,"Zhenjiang Hu, Mario Rodriquez-Artalejo",2002,Springer,310,N/A,N/A
Programming in RPG/400,Judy Yaeger,1995,29th Street Press,516,N/A,N/A
Computer Usage; 360 Assembly Programming,Computer Usage Company,1970,N/A,462,N/A,N/A
Python Programming in Context,"Bradley N. Miller, David L. Ranum, Julie Anderson",2019,Jones & Bartlett Learning,516,N/A,N/A
Visual C++ Programming,Steven Holzner,1994,Prentice Hall,588,N/A,N/A
Advanced C Programming,Bill Rieken,1991,N/A,262,N/A,N/A
NET Compact Framework Programming with Visual Basic .NET,"Paul Yao, David Durant",2004,Addison-Wesley Professional,1428,N/A,N/A
Advanced Perl Programming,Simon Cozens,2005,"O'Reilly Media, Incorporated",316,3,2
MS-DOS System Programming,Robert Ward,1990,N/A,260,N/A,N/A
Introduction to Programming Logic for Business Applications,Larry G. Wintermeyer,1987,N/A,356,N/A,N/A
Expert Python Programming,"Michał Jaworski, Tarek Ziadé",2021,Packt Publishing Ltd,630,N/A,N/A
Embedded Systems Programming,,1995,N/A,N/A,N/A,N/A
UNIX Programming for Dummies,"James Edward Keogh, Jim Keogh",1996,For Dummies,358,N/A,N/A
The Java Application Programming Interface,James Gosling,1996,N/A,452,N/A,N/A
Teach Yourself OWL Programming in 21 Days,Ian Spencer,1995,Prentice Hall,1034,N/A,N/A
Programming in C++,Todd Knowlton,1996,Course Technology,536,N/A,N/A
Windows 95 Programming for Dummies,Stephen R. Davis,1995,For Dummies,562,N/A,N/A
Isometric Game Programming with DirectX 7.0,Ernest Pazera,2001,Course Technology,756,N/A,N/A
Understanding Programming Languages,M. Ben-Ari,1996,N/A,388,N/A,N/A
Object Oriented Programming with C++ and OSF/Motif,Douglas A. Young,1995,Prentice Hall,472,N/A,N/A
Advanced COBOL for Structured and Object-Oriented Programming,Gary DeWard Brown,1999,John Wiley & Sons,666,N/A,N/A
On the Significance of Meaningful Programming Chunks to the Effectiveness of Computer Program Recall,Iris Vessey,1986,N/A,45,N/A,N/A
Proceedings of the ... IFAC-IFIP Workshop on Real-Time Programming,,1976,N/A,210,N/A,N/A
"Logic for Programming, Artificial Intelligence, and Reasoning","Robert Nieuwenhuis, Andrei Voronkov",2001,Springer,741,N/A,N/A
Python,Computer Programming Academy,2020,N/A,332,N/A,N/A
Introduction to Numerical Programming,Titus A. Beu,2014,CRC Press,674,N/A,N/A
Learning C++ Functional Programming,Wisnu Anggoro,2017,Packt Publishing Ltd,304,N/A,N/A
"The Art of Multiprocessor Programming, Revised Reprint","Maurice Herlihy, Nir Shavit",2012,Elsevier,536,4,1
Programming Language Concepts,"Carlo Ghezzi, Mehdi Jazayeri",1998,John Wiley & Sons,456,4,2
Java and Algorithmic Thinking for the Complete Beginner,"Aristides S. Bouras, Loukia V. Ainarozidou",2015,CreateSpace,814,N/A,N/A
"P-Prolog, a Parallel Logic Programming Language",Rong Yang,1987,World Scientific,164,N/A,N/A
Elements of Programming Interviews,"Adnan Aziz, Tsung-Hsien Lee, Amit Prakash",2012,EPI,504,5,2
"Beginning Web Programming with HTML, XHTML, and CSS",Jon Duckett,2008,John Wiley & Sons,771,5,2
Interfacing with C++,"Jayantha Katupitiya, Kim Bentley",2006,Springer Science & Business Media,508,4,1
Introduction to Object-Oriented Programming,Timothy Budd,2008,Pearson Education India,644,N/A,N/A
Game Programming with Unity and C#,Casey Hardman,2020,Apress,573,5,2
Programming with Specifications,David Luckham,2012,Springer Science & Business Media,416,N/A,N/A
Programmer's Guide to Drupal,Jennifer Hodgdon,2012,"""O'Reilly Media, Inc.""",117,N/A,N/A
Foundations of Programming Languages,Kent D. Lee,2015,Springer,354,N/A,N/A
Scratch Programming in Easy Steps,Sean McManus,2019,In Easy Steps,216,N/A,N/A
Programming Multi-Agents Systems,"Louise Dennis, Olivier Boissier, Rafael H. Bordini",2012,Springer,217,N/A,N/A
The Gita Of Programming,Vishal Lambe,2014,Vishal Lambe,44,N/A,N/A
Learning C# by Programming Games,"Arjan Egges, Jeroen D. Fokker, Mark H. Overmars",2013,Springer Science & Business Media,443,N/A,N/A
PHP Reactive Programming,Martin Sikora,2017,Packt Publishing Ltd,364,N/A,N/A
An Introduction to Object-Oriented Programming with Visual Basic .NET,Dan Clark,2008,Apress,418,N/A,N/A
Microsoft Visual C#: An Introduction to Object-Oriented Programming,Joyce Farrell,2017,Cengage Learning,784,N/A,N/A
A Step in Programming with C,Rakesh Tyata,2009,Rakesh Tyata,232,4,1
Fully Integrated Data Environments,"Malcolm P. Atkinson, Ray Welland",2012,Springer Science & Business Media,629,N/A,N/A
Trends in Functional Programming,"Jurriaan Hage, Jay McCarthy",2014,Springer,143,N/A,N/A
Teach Yourself Programming With Java ™ in 24 Days.,Harry. H. Chaudhary.,2014,Programmers Mind Inc.,600,N/A,N/A
Introduction to Programming Using FORTRAN 77,"Glenn A. Gibson, James R. Young",1982,Prentice Hall,488,N/A,N/A
Parallel and Concurrent Programming in Haskell,Simon Marlow,2013,"""O'Reilly Media, Inc.""",322,N/A,N/A
Get Programming with F#,Isaac Abraham,2017,Manning Publications,400,N/A,N/A
Computer Graphics Programming,"Günter Enderle, Klaus Kansy, Günther Pfaff",2012,Springer Science & Business Media,651,N/A,N/A
Principles and Practice of Constraint Programming - CP 2001,Toby Walsh,2003,Springer,794,N/A,N/A
Radio Programming: Tactics and Strategy,Eric Norberg,1996,CRC Press,206,N/A,N/A
Mathematical Programming The State of the Art,"A. Bachem, M. Grötschel, B. Korte",2012,Springer Science & Business Media,658,N/A,N/A
Data-Oriented Programming,Yehonathan Sharvit,2022,Simon and Schuster,422,N/A,N/A
Python Programming for Beginners,Philbert Shelton,2020,N/A,190,N/A,N/A
Programming in Python,Pooja Sharma,2020,BPB Publications,316,N/A,N/A
PHP Programming with MySQL: The Web Technologies Series,"Don Gosselin, Diana Kokoska, Robert Easterbrooks",2010,Cengage Learning,712,N/A,N/A
Clause and Effect,William F. Clocksin,2012,Springer Science & Business Media,143,4,1
Python Programming for Beginners: A Comprehensive Crash Course With Practical Exercises to Quickly Learn Coding and Programming for Data Analysis and Machine Learning,Anthony Adams,2021,Anthony Adams,202,N/A,N/A
Java Programming for Beginners,Erick Thompson,2020,N/A,194,N/A,N/A
24 Deadly Sins of Software Security: Programming Flaws and How to Fix Them,"John Viega, Michael Howard, David LeBlanc",2009,McGraw-Hill Education,432,N/A,N/A
Introduction to Programming Languages,Arvind Kumar Bansal,2013,CRC Press,624,N/A,N/A
C# Game Programming Cookbook for Unity 3D,Jeff W. Murray,2021,CRC Press,298,N/A,N/A
Introduction to 3D Game Programming with DirectX 11,Frank D. Luna,2012,N/A,864,N/A,N/A
Computer Programming,"Zack Fleming, Steven Webber",2019,N/A,94,N/A,N/A
Modern C++ Programming Cookbook,Marius Bancila,2017,Packt Publishing Ltd,590,N/A,N/A
Learn to Code by Solving Problems,Daniel Zingaro,2021,No Starch Press,336,N/A,N/A
Computer Programming in C for Beginners,Avelino J. Gonzalez,2020,Springer,0,N/A,N/A
Fundamentals of Programming Languages,Ellis Horowitz,1984,Springer Science & Business Media,446,N/A,N/A
A Structured Approach to Programming,"Joan Kirkby Hughes, Jay I. Michtom",1977,Prentice Hall,280,N/A,N/A
Graphics Programming in C++,Mark Walmsley,2012,Springer Science & Business Media,250,5,1
Julia Quick Syntax Reference,Antonello Lobianco,2019,Apress,223,N/A,N/A
Elementary Number Theory with Programming,"Marty Lewinter, Jeanine Meyer",2015,John Wiley & Sons,240,N/A,N/A
Principles of Programming Languages,Gilles Dowek,2011,Springer,159,N/A,N/A
Python Programming,Adam Stewart,2017,Createspace Independent Publishing Platform,N/A,N/A,N/A
Killer Game Programming in Java,Andrew Davison,2005,"""O'Reilly Media, Inc.""",998,4.5,13
Pro PHP Programming,"Mladen Gogala, Peter MacIntyre, Adam MacDonald, Brian Danchilla",2011,Apress,440,N/A,N/A
Schaum's Outline of Theory and Problems of Programming with Fortran,"Seymour Lipschutz, Arthur Poe",1978,McGraw-Hill Companies,330,N/A,N/A
A Concise Introduction to Programming in Python,Mark J. Johnson,2011,CRC Press,208,N/A,N/A
Software Testing for Conventional and Logic Programming,Oliver Jack,1996,Walter de Gruyter,251,N/A,N/A
Foundations of Logic Programming,John W. Lloyd,2011,Springer,212,N/A,N/A
Pocket PC Network Programming,Steven Makofky,2004,Addison-Wesley Professional,660,N/A,N/A
Computer Science & Perl Programming,Jon Orwant,2002,"""O'Reilly Media, Inc.""",760,N/A,N/A
Real-time Systems and Their Programming Languages,"Alan Burns, Andrew J. Wellings",1990,Addison Wesley Publishing Company,600,N/A,N/A
Teach Your Kids to Code,Bryson Payne,2015,National Geographic Books,0,4,1
Herb Schildt's C++ Programming Cookbook,Herbert Schildt,2008,McGraw Hill Professional,528,4,3
Objective-C for Absolute Beginners,"Gary Bennett, Brad Lees, Mitchell Fisher",2016,Apress,311,N/A,N/A
Parallel Programming,"Thomas Rauber, Gudula Rünger",2010,Springer Science & Business Media,463,5,1
Programming with JAVA - A Primer,E. Balaguruswamy,2014,McGraw-Hill Professionals,483,N/A,N/A
The C++ Programming Language,Bjarne Stroustrup,2013,Addison-Wesley Professional,1346,3,3
Design Concepts in Programming Languages,"Franklyn Turbak, David Gifford",2008,MIT Press,1347,N/A,N/A
DYNAMIC PROGRAMMING FOR CODING,"Meenakshi, Kamal Rawat",2017,Notion Press,144,N/A,N/A
Teaching and Learning Computer Programming,Richard E. Mayer,2013,Routledge,340,N/A,N/A
Visual Object-oriented Programming,"Margaret Burnett, Adele Goldberg, Theodore Gyle Lewis",1995,Manning Publications,296,N/A,N/A
Access Programming For Dummies?,Rob Krumm,1994,For Dummies,0,N/A,N/A
Programming With Python,Vaibhav Gondaliya,2019,Vaibhav Gondaliya,321,N/A,N/A
OS X and iOS Kernel Programming,"Ole Henry Halvorsen, Douglas Clarke",2011,Apress,484,N/A,N/A
Erlang Programming,"Francesco Cesarini, Simon Thompson",2009,"""O'Reilly Media, Inc.""",498,4,5
The COBOL Programmer's Book of Rules,George Ledin,1983,N/A,248,N/A,N/A
C Programming for the PIC Microcontroller,Hubert Henry Ward,2019,Apress,271,N/A,N/A
Arduino Sketches,James A. Langbridge,2015,John Wiley & Sons,480,N/A,N/A
Guide to Programming and Algorithms Using R,Özgür Ergül,2015,Springer,0,N/A,N/A
The Ruby Programming Language,"David Flanagan, Yukihiro Matsumoto",2008,"""O'Reilly Media, Inc.""",448,4.5,10
Programming Languages,Ravi Sethi,1996,Addison-Wesley Professional,662,3.5,2
Beginning Rust Programming,Ric Messier,2021,John Wiley & Sons,416,N/A,N/A
PCAP - Certified Associate in Python Programming Exam Practice Questions and Dumps,Treesome Books,N/A,Treesome Books,31,N/A,N/A
Head First Programming,"David Griffiths, Paul Barry",2009,"""O'Reilly Media, Inc.""",442,N/A,N/A
The Way to Go,Ivo Balbaert,2012,iUniverse,629,2,1
Theoretical Introduction to Programming,Bruce Mills,2006,Springer Science & Business Media,380,N/A,N/A
C/C++ Programmer's Reference,Herbert Schildt,1997,Oracle Press,376,N/A,N/A
All of Programming,"Andrew Hilton, Anne Bracy",2019,Bracy and Hilton,765,N/A,N/A
Network Flow Programming,"Paul A. Jensen, J. Wesley Barnes",1980,John Wiley & Sons,440,N/A,N/A
Programming PHP,"Kevin Tatroe, Peter MacIntyre",2020,O'Reilly Media,545,N/A,N/A
Visual Programming Environments,Ephraim P. Glinert,1990,Institute of Electrical & Electronics Engineers(IEEE),710,N/A,N/A
PHP,Mg Martin,2019,Independently Published,84,N/A,N/A
iPhone SDK 3 Programming,Maher Ali,2009,John Wiley & Sons,672,N/A,N/A
Inductive Logic Programming,"Dimitar Kazakov, Can Erten",2020,Springer,145,N/A,N/A
Beginning Java 17 Fundamentals,"Kishori Sharan, Adam L. Davis",2021,Apress,999,N/A,N/A
Programming the Web with Visual Basic .NET,"Lynn Torkelson, Constance Petersen, Zac Torkelson",2002,Expert's Voice,944,N/A,N/A
PThreads Programming,"Dick Buttlar, Jacqueline Farrell, Bradford Nichols",1996,O'Reilly Media,288,N/A,N/A
Integer Programming,"Michele Conforti, Gerard Cornuejols, Giacomo Zambelli",2014,Springer,456,N/A,N/A
JAVA. Experiencing Object Oriented Programming,"Sheetal Thakare, M. A. Pund",2021,N/A,68,N/A,N/A
Aliasing in Object-Oriented Programming,"David Clarke, Tobias Wrigstad, James Noble",2013,Springer,0,N/A,N/A
Python Programming Professional Made Easy and MYSQL Programming Professional Made Easy,Sam Key,2015,CreateSpace,48,N/A,N/A
Programming Quantum Computers,"Eric R. Johnston, Mercedes Gimeno-Segovia, Nic Harrigan",2019,O'Reilly Media,380,5,1
Programming Kotlin Applications,Brett McLaughlin,2020,John Wiley & Sons,384,N/A,N/A
CGI Programming with Perl,"Scott Guelich, Shishir Gundavaram, Gunther Birznieks",2000,"""O'Reilly Media, Inc.""",472,N/A,N/A
Programming Languages and Operational Semantics,Maribel Fernández,2004,Kings College Publications,142,N/A,N/A
Programming Constraint Services,Christian Schulte,2002,Springer,176,N/A,N/A
Beginning Android Programming with Android Studio,Jerome DiMarzio,2016,John Wiley & Sons,456,N/A,N/A
Functional Programming in Java,Venkat Subramaniam,2014,N/A,0,N/A,N/A
Programming Perl,"Tom Christiansen, brian d foy, Larry Wall, Jon Orwant",2012,"""O'Reilly Media, Inc.""",1184,5,1
Object-oriented Programming,Greg Voss,1991,McGraw-Hill Osborne Media,616,N/A,N/A
Programming in C++,Laxmisha Rai,2019,de Gruyter,364,N/A,N/A
C++,"Robert Hoffman, Matt Benton",2016,Createspace Independent Publishing Platform,72,N/A,N/A
Python Programming,Jason Crash,2021,Jason Crash,0,N/A,N/A
Computer Programming in C for Beginners,Avelino J. González,2020,N/A,0,N/A,N/A
Processing,"Casey Reas, Ben Fry",2007,MIT Press,737,4.5,15
Basic IBM Mainframe Assembly Language Programming,KEVIN C. O'KANE,2011,Createspace Independent Publishing Platform,0,N/A,N/A
DOS Programming,Kris Jamsa,1991,Osborne Publishing,882,N/A,N/A
Test Examples for Nonlinear Programming Codes,"W. Hock, Klaus Schittkowski",1981,Springer,212,N/A,N/A
Application Development Without Programmers,James Martin,1982,Prentice Hall,376,N/A,N/A
A Programmer's Guide to Java Certification,"Khalid Azim Mughal, Rolf W. Rasmussen",2000,Addison-Wesley Professional,800,N/A,N/A
Lua Programming Gems,"Luiz Henrique de Figueiredo, Waldemar Celes, Roberto Ierusalimschy",2008,Lua.Org,346,N/A,N/A
LabView,"Rick Bitter, Taqi Mohiuddin, Matt Nawrocki",2006,CRC Press,520,N/A,N/A
Programming Fundamentals in JavaScript,Rex A. Barzee,2017,N/A,220,N/A,N/A
Beginning Programming,"Adrian Kingsley-Hughes, Kathie Kingsley-Hughes",2005,John Wiley & Sons,492,N/A,N/A
Foundations of Probabilistic Programming,"Gilles Barthe, Joost-Pieter Katoen, Alexandra Silva",2020,Cambridge University Press,583,N/A,N/A
A Laboratory Course for Programming with Java,Nell B. Dale,2009,Jones & Bartlett Learning,180,N/A,N/A
Integer Programming,Laurence A. Wolsey,2020,John Wiley & Sons,336,N/A,N/A
Hands-On High Performance Programming with Qt 5,Marek Krajewski,2019,Packt Publishing,384,N/A,N/A
Programming The Raspberry Pi Pico In C,Harry Fairhead,2021,I/O Press,374,N/A,N/A
Programming in Visual Basic 6.0 Update Edition with CD,"Julia Case Bradley, Anita Millspaugh",2001,Career Education,694,N/A,N/A
Learning Scientific Programming with Python,Christian Hill,2016,Cambridge University Press,461,N/A,N/A
Carbon Programming,K. J. Bricknell,2001,Sams Publishing,1618,5,1
MasteringPHP 4.1,"Jeremy Allen, Charles Hornberger",2006,Sybex,709,N/A,N/A
100 Questions and Answers for Object-Oriented Programming (Oop) in C++,Aaron Rababaah,2018,N/A,36,N/A,N/A
Programming Languages,"Doris Appleby, Julius J. VandeKopple",1997,"McGraw-Hill Science, Engineering & Mathematics",468,N/A,N/A
Embedded Systems Circuits and Programming,"Julio Sanchez, Maria P. Canton",2012,CRC Press,893,N/A,N/A
Programming the World Wide Web,Robert W. Sebesta,2003,Addison Wesley Publishing Company,614,N/A,N/A
EDP Analyzer,,1978,N/A,730,N/A,N/A
Dr. Dobb's Journal of Software Tools for the Professional Programmer,,1983,N/A,786,N/A,N/A
R Programming Fundamentals,Kaelen Medeiros,2018,N/A,206,N/A,N/A
A Day Without Computer Programming Is A Day Wasted,Computer Programming Lov Funny Journals,2019,N/A,102,N/A,N/A
Concurrent Object-Oriented Programming and Petri Nets,"Gul A. Agha, Fiorella De Cindio, Grzegorz Rozenberg",2001,Springer,544,N/A,N/A
Introduction to Programming Using SML,"Michael R. Hansen, Hans Rischel",1999,Addison-Wesley,390,N/A,N/A
American National Standard Reference Manual for the Ada Programming Language (Classic Reprint),American National Standards Institute,2018,Forgotten Books,352,N/A,N/A
Starting Out with Alice,Tony Gaddis,2011,Addison-Wesley Longman,0,N/A,N/A
Practical Programming,"Paul Gries, Jennifer Campbell, Jason Montojo",2017,Pragmatic Bookshelf,576,5,1
Computer Programming and Architecture,"Henry M. Levy, Richard H. Eckhouse",1989,Butterworth-Heinemann,472,N/A,N/A
The Pragmatic Programmer,"Andrew Hunt, David Thomas",1999,Addison-Wesley Professional,352,4,19
Java Network Programming,"Merlin Hughes, Conrad Hughes",1997,Pearson,519,N/A,N/A
Advanced Robotic Vehicles Programming,"Julio Alberto Mendoza-Mendoza, Victor Javier Gonzalez-Villela, Gabriel Sepulveda-Cervantes, Mauricio Mendez-Martinez, Humberto Sossa-Azuela",2020,Apress,439,N/A,N/A
Learning the Bash Shell,"Cameron Newham, Bill Rosenblatt",2005,"""O'Reilly Media, Inc.""",352,N/A,N/A
C++ Programming,"Li Zheng, Yuan Dong, Fang Yang",2019,Walter de Gruyter GmbH & Co KG,504,N/A,N/A
Windows Forms 2.0 Programming,"Chris Sells, Michael Weinhardt",2006,Addison-Wesley Professional,988,N/A,N/A
Elementary Synchronous Programming,Ali S. Janfada,2019,Walter de Gruyter GmbH & Co KG,409,N/A,N/A
Object-oriented Programming,"Brad J. Cox, Andrew J. Novobilski",1991,Addison Wesley Publishing Company,292,N/A,N/A
Mirrors of Minds,"Roy D. Pea, Karen Sheingold",1987,Praeger,360,N/A,N/A
Bluetooth Application Programming with the Java APIs,"C Bala Kumar, Paul J. Kline, Timothy J. Thompson",2003,Morgan Kaufmann,534,N/A,N/A
My Revision Notes OCR Computing for GCSE Computer Systems and Programming,"Sean O'Byrne, George Rouse",2013,N/A,96,5,1
Language Implementation Patterns,Terence Parr,2010,N/A,374,N/A,N/A
Strategic allocation of resources using linear programming model with parametric analysis: in MATLAB and Excel Solver,Dinesh Gupta,2014,diplom.de,73,5,1
C Programming Using Turbo C++,Robert W. Lafore,1998,N/A,778,N/A,N/A
Android Programming for Beginners,John Horton,2015,Packt Publishing Ltd,698,N/A,N/A
Android Programming,Kevin Lyn,2016,Createspace Independent Publishing Platform,210,N/A,N/A
Exercises in Programming Style,Cristina Videira Lopes,2016,CRC Press,290,N/A,N/A
A Complete Guide to Programming in C++,"Ulla Kirch-Prinz, Peter Prinz",2002,Jones & Bartlett Learning,852,4.5,4
Foundations of Inductive Logic Programming,"Shan-Hwei Nienhuys-Cheng, Ronald de Wolf",1997,Springer,410,N/A,N/A
Programming with Qt,Matthias Dalheimer,2002,O'Reilly,536,N/A,N/A
"Introduction to Computation and Programming Using Python, second edition",John V. Guttag,2016,MIT Press,466,5,2
Practical IDL Programming,Liam E. Gumley,2002,Morgan Kaufmann,530,3,1
A Primer on Scientific Programming with Python,Hans Petter Langtangen,2018,Springer,0,N/A,N/A
Introduction to Stochastic Programming,"John R. Birge, François Louveaux",2006,Springer Science & Business Media,421,N/A,N/A
"Functional Programming in C#, Second Edition",Enrico Buonanno,2022,Simon and Schuster,446,N/A,N/A
The C♯ Programming Language,Anders Hejlsberg,2004,N/A,644,N/A,N/A
Principles of Programming Languages,Gilles Dowek,2009,Springer Science & Business Media,159,N/A,N/A
Atmel AVR Microcontroller Primer,"Steven F. Barrett, Daniel J. Pack",2012,Morgan & Claypool Publishers,244,N/A,N/A
"Automate the Boring Stuff with Python, 2nd Edition",Al Sweigart,2019,No Starch Press,592,4.5,2
An Introduction to Object-Oriented Programming with Java,C. Thomas Wu,2009,McGraw-Hill Education,1008,N/A,N/A
"Microsoft Win32 Programmer's Reference: Functions, H-Z",,1993,N/A,808,N/A,N/A
"CICS, a Programmer's Reference",Phyllis Donofrio,1991,N/A,278,N/A,N/A
Intel386 SL Microprocessor Superset,Intel Corporation,1992,Intel Corporation,504,N/A,N/A
An Introduction to Network Programming with Java,Jan Graba,2003,Addison Wesley Publishing Company,410,N/A,N/A
Mathematical Programming and Control Theory,B. D. Craven,1978,Springer,0,N/A,N/A
Linear Programming,,N/A,N/A,N/A,N/A,N/A
3D Game Programming for Kids,Chris Strom,2018,Pragmatic Bookshelf,374,N/A,N/A
Multicore and GPU Programming,Gerassimos Barlas,2022,Morgan Kaufmann,1024,N/A,N/A
CNC Programming Using Fanuc Custom Macro B,S.K Sinha,2010,McGraw Hill Professional,290,N/A,N/A
OpenGL Programming for Windows 95 and Windows NT,Ron Fosner,1997,Addison-Wesley Professional,300,N/A,N/A
Higher-Order Components for Grid Programming,"Jan Dünnweber, Sergei Gorlatch",2014,Springer,0,N/A,N/A
Extreme Programming Explained,"Kent Beck, Cynthia Andres",2004,Addison-Wesley Professional,N/A,4,7
PYTHON Programming for Beginners,Dylan Mach,2021,N/A,138,N/A,N/A
An Introduction to Parallel Programming,Peter Pacheco,2016,Morgan Kaufmann,0,N/A,N/A
Tutorial Programming Productivity,Capers Jones,1986,Institute of Electrical & Electronics Engineers(IEEE),484,N/A,N/A
Low-Level Programming,Igor Zhirkov,2017,Apress,446,N/A,N/A
Python Programming,Nicholas Ayden,2019,N/A,194,N/A,N/A
Programming Jakarta Struts,Chuck Cavaness,2004,O'Reilly Media,488,N/A,N/A
Iranian Journal of Science and Technology,,1975,N/A,1018,N/A,N/A
Keypunching,Peggy L. Hanson,1977,Prentice Hall,234,N/A,N/A
"Create, Innovate, and Serve","Kathleen Campana, J. Elizabeth Mills",2019,ALA Neal-Schuman,0,N/A,N/A
Special Education Leadership,"David Bateman, Jenifer Cline",2019,N/A,278,N/A,N/A
POSIX.4 Programmers Guide,Bill Gallmeister,1995,O'Reilly,590,N/A,N/A
Programming Persistent Memory,Steve Scargall,2020,Apress,384,N/A,N/A
Haskell,Simon Thompson,2015,Pearson Higher Ed,608,N/A,N/A
Recent Developments in Mathematical Programming,Santosh Kumar,2022,CRC Press,470,N/A,N/A
Introduction To Algorithms,"Thomas H Cormen, Charles E Leiserson, Ronald L Rivest, Clifford Stein",2001,MIT Press,1216,4.5,189
C Programming. A short Guide,Sheetal Thakare,2020,GRIN Verlag,79,N/A,N/A
Game Programming Gems 7,Scott Jacobs,2008,Charles River Media,586,3.5,2
Coders at Work,Peter Seibel,2010,Apress,632,4,12
Computer Programming for Beginners,Murali Chemuturi,2018,Chapman & Hall/CRC,258,N/A,N/A
Constraint Programming: Basics and Trends,Andreas Podelski,1995,Springer,323,N/A,N/A
Answer Set Programming,Vladimir Lifschitz,2019,Springer Nature,190,N/A,N/A
Expert C Programming,Peter Van der Linden,1994,Prentice Hall Professional,379,4,1
Java Database Programming with JDBC,"Pratik Patel, Karl Moss",1997,N/A,0,N/A,N/A
Building Telegram Bots,Nicolas Modrzyk,2018,Apress,277,N/A,N/A
Computer Graphics Programming in OpenGL with JAVA,"V. Scott Gordon, PhD, John L. Clevenger, PhD",2018,Mercury Learning and Information,406,N/A,N/A
Tricks of the Windows Game Programming Gurus,André LaMothe,2002,Sams Publishing,1092,4.5,4
Computer Jobs with the Growing Information Technology Professional Services Sector: Western States,"Info Tech Employment, Info Tech Employment Editors",2007,William Briggs Publishing,184,N/A,N/A
Computing Newsletter for Schools of Business,,1984,N/A,162,N/A,N/A
The Self-Taught Programmer,Cory Althoff,2017,Self-Taught Media,299,N/A,N/A
Siviele Ingenieur in Suid-Afrika,,1971,N/A,1066,N/A,N/A
Programmed Instruction for Engineers,"University of Michigan. Engineering Summer Conferences, 1964",1964,N/A,N/A,N/A,N/A
Television & Cable Factbook,,2003,N/A,1180,N/A,N/A
Functional Programming Patterns in Scala and Clojure,Michael Bevilacqua-Linn,2013,O'Reilly Vlg. GmbH & Company,0,N/A,N/A
GMD Report,,1998,N/A,478,N/A,N/A
Head First HTML5 Programming,"Eric Freeman, Elisabeth Robson",2011,"""O'Reilly Media, Inc.""",610,5,1
Acta Forestalia Fennica,,1982,N/A,702,N/A,N/A
Visual Basic 4 in 12 Easy Lessons,Greg M. Perry,1996,Sams,1138,N/A,N/A
International Encyclopedia of Business and Management,Malcolm Warner,1996,N/A,1048,2,1
Pike & Fischer Communications Regulation,,2004,N/A,1218,N/A,N/A
Engineering Education,,1984,N/A,772,N/A,N/A
Second Derivative Method for Nonlinearly Constrained Optimization,Stanford University. Department of Operations Research. Systems Optimization Laboratory,1995,N/A,54,N/A,N/A
Computer Science Programming Basics in Ruby,"Ophir Frieder, Gideon Frieder, David Grossman",2013,"""O'Reilly Media, Inc.""",188,N/A,N/A
Programming in Lua,Roberto Ierusalimschy,2006,Roberto Ierusalimschy,329,3.5,2
Computer Literacy,Helene G. Kershner,1992,Jones & Bartlett Publishers,576,N/A,N/A
Computer Programming with C++,Kunal Pimparkhede,2017,Cambridge University Press,1017,N/A,N/A
NASA Conference Publication,,1989,N/A,330,N/A,N/A
Cybernetics and Modelling and Simulation of Large Scale Systems,Tuncer I. Ören,1978,N/A,208,N/A,N/A
Journal of Mathematical Sciences,,1966,N/A,642,N/A,N/A
"Bowker's Complete Sourcebook of Personal Computing, 1985",R.R. Bowker Company,1984,New York : Bowker,1126,N/A,N/A
A Practical Theory of Programming,Eric C.R. Hehner,2012,Springer Science & Business Media,247,N/A,N/A
Programming C# 5.0,Ian Griffiths,2012,"""O'Reilly Media, Inc.""",885,5,1
C Programming Language,"Brian W. Kernighan, Dennis Ritchie",1988,Prentice Hall,99998,5,4
Building Systems Design with Programmable Calculators,Sital Daryanani,1980,N/A,336,N/A,N/A
"Dynamics and Control of Chemical Reactors, Distillation Columns, and Batch Processes (DYCORD+ '92)",International Federation of Automatic Control,1993,Pergamon,396,N/A,N/A
Вычислительные Машины И Искусственный Интеллект,,1999,N/A,318,N/A,N/A
Introduction to Computing Systems,"Yale N. Patt, Sanjay J. Patel",2004,N/A,664,N/A,N/A
Proceedings of the Technical Conference,,1984,N/A,762,N/A,N/A
Congressional Serial Set,,1998,N/A,1282,3,1
Crop Management Economics,Allan N. Rae,1981,Grafton Books,556,N/A,N/A
Essential SNMP,"Douglas R. Mauro, Kevin J. Schmidt",2001,"""O'Reilly Media, Inc.""",340,5,1
Becoming a Better Programmer,Pete Goodliffe,2014,"""O'Reilly Media, Inc.""",362,3,1
Pro Bash Programming,Chris Johnson,2009,Apress,242,5,1
Microsoft Visual C++ Run-Time Library Reference,Microsoft Corporation,1997,N/A,1346,N/A,N/A
A Programmer's Introduction to C,Eric Gunnerson,2000,Springer,394,5,2
Wireless Internet & Mobile Business,Harvey M. Deitel,2002,N/A,1410,N/A,N/A
Mastering PageMaker on the IBM PC,Antonia Stacy Jolles,1987,Sybex,328,N/A,N/A
Client/server Computing for Dummies,Doug Lowe,1995,For Dummies,436,N/A,N/A
"Proceedings of the International Computing Symposium 1973, Davos, Switzerland, 4-7 September 1973","Alfred Günther, Bernard Levrat, H. Lipps",1974,North-Holland,656,N/A,N/A
Japanese Journal of Fuzzy Theory and Systems,,1998,N/A,366,N/A,N/A
Advances in Control Education,"Naim A. Kheir, Gene F. Franklin, Michael Jerome Rabins",1992,Pergamon,224,N/A,N/A
ESD/SMI Expert Systems [Conference and Exposition] for Advanced Manufacturing Technology,,1987,N/A,480,N/A,N/A
Java Programming,Yakov Fain,2015,John Wiley & Sons,624,N/A,N/A
Exploratory Programming for the Arts and Humanities,Nick Montfort,2016,MIT Press,329,N/A,N/A
Microsoft Visual Studio Core Reference Set,Microsoft Corporation,1998,N/A,986,N/A,N/A
Robot Control 1991 (SYROCO '91),"Inge Troch, Kurt Desoyer, Peter Kopacek",1992,Pergamon,592,N/A,N/A
Proceedings,,1968,N/A,288,N/A,N/A
Communications and the law,,1989,N/A,326,N/A,N/A
NAVAL RESEARCH LOGISTICS QUARTERLY,,1976,N/A,N/A,N/A,N/A
Windows 3 Companion,"Lori L. Lorenz, R. Michael O'Mara",1990,Conran Octopus,548,N/A,N/A
S Programming,"William Venables, B.D. Ripley",2013,Springer Science & Business Media,265,N/A,N/A
"EDN, Electrical Design News",,1985,N/A,1334,N/A,N/A
The Rust Programming Language (Covers Rust 2018),"Steve Klabnik, Carol Nichols",2019,No Starch Press,561,3,1
Journal of Biotechnology,,1994,N/A,342,N/A,N/A
COBOL,"William S. Davis, Richard H. Fisher",1979,Addison-Wesley,580,N/A,N/A
Programming Embedded Systems,"Michael Barr, Anthony Massa",2006,"""O'Reilly Media, Inc.""",326,N/A,N/A
Writing OS/2 Resident Utilities,Ben Ezzell,1989,Addison Wesley Publishing Company,472,N/A,N/A
Workshop on Intelligent Robots,"David Nitzan, Robert C. Bolles",1985,N/A,342,N/A,N/A
Copyright Law Revision,"United States. Congress. House. Committee on the Judiciary, United States. Congress. House. Committee on the Judiciary. Subcommittee on Courts, Civil Liberties, and the Administration of Justice",1976,N/A,866,N/A,N/A
DOS Job Control for Assembler Language Programmers,"Gary B. Shelly, Thomas J. Cashman",1972,N/A,326,N/A,N/A
Programming Basics,Robert Ciesla,2021,Apress,171,N/A,N/A
Programming for Computations - Python,"Svein Linge, Hans Petter Langtangen",2016,Springer,232,N/A,N/A
Internet & World Wide Web,"Harvey M. Deitel, Paul J. Deitel, Andrew B. Goldberg",2004,N/A,1304,N/A,N/A
Microsoft C Run-time Library Reference,Microsoft Corporation,1990,N/A,876,N/A,N/A
Optimal Sequential Binary Test Procedures for Decision Rules,Emanuel Sharon,1968,N/A,378,N/A,N/A
Problem Solving with C++,Walter J. Savitch,2007,Addison-Wesley,1060,N/A,N/A
Topics in Management Science,Robert E. Markland,1979,New York ; Toronto : Wiley,694,N/A,N/A
Economic Bulletin for Latin America,United Nations. Economic Commission for Latin America,1967,N/A,318,N/A,N/A
Murach's Python Programming (2nd Edition),"Joel Murach, Michael Urban",2021,N/A,564,N/A,N/A
Get Programming,Ana Bell,2018,Simon and Schuster,456,N/A,N/A
R for Data Science,"Hadley Wickham, Garrett Grolemund",2016,"""O'Reilly Media, Inc.""",521,5,3
Transportation Research Record,,1993,N/A,860,N/A,N/A
Program Design and Rhetoric,John A. Lehman,1984,N/A,34,N/A,N/A
An Introduction to the Intel Family of Microprocessors,James L. Antonakos,1993,Prentice Hall,489,N/A,N/A
Approaching the Millennium,,1999,N/A,580,N/A,N/A
Developing Java Software,"Russel Winder, Graham Roberts",1998,N/A,854,N/A,N/A
Computer Programming Crash Course,Julian James McKinnon,2020,DM Publishing,804,N/A,N/A
Technology of Object-oriented Languages and Systems : TOOLS 30,Donald G. Firesmith,1999,I E E E,616,N/A,N/A
Applied Mathematical Programming,"Stephen P. Bradley, Arnoldo C. Hax, Thomas L. Magnanti",1977,Addison Wesley Publishing Company,748,N/A,N/A
Papers and Presentations,Digital Equipment Computer Users Society,1972,N/A,406,N/A,N/A
InfoWorld,,1990,N/A,84,N/A,N/A
Deep Learning for Coders with fastai and PyTorch,"Jeremy Howard, Sylvain Gugger",2020,O'Reilly Media,624,N/A,N/A
"Miller GAAP Guide, 1994",Jan R. Williams,1994,N/A,1308,N/A,N/A
Children Held Hostage,"Stanley S. Clawar, Brynne Valerie Rivlin",1991,Family Law Aba,218,N/A,N/A
Programming Erlang,Joe Armstrong,2013,N/A,520,3,3
Absolute C++,Walter J. Savitch,2006,Addison-Wesley,984,N/A,N/A
The Intel Microprocessor Family,James L. Antonakos,2007,Delmar Thomson Learning,650,N/A,N/A
Annaler,Kungl. Lantbrukshögskolan och statens lantbruksförsök (Sweden),1968,N/A,734,N/A,N/A
Frontiers of Combining Systems,"F. Baader, K.U. Schulz",1996,Springer,412,N/A,N/A
Game Characterizations of Logic Program Properties,Howard A. Blair,1994,N/A,48,N/A,N/A
"Advances in Design Automation, 1990",Bahram Ravani,1990,N/A,468,N/A,N/A
Copywriting for the Electronic Media,"Milan D. Meeske, R. C. Norris",1987,N/A,388,N/A,N/A
A Verified Specification of a Hierarchical Operating System,Ashok R. Saxena,1976,N/A,266,N/A,N/A
The Rand Paper Series,,N/A,N/A,380,N/A,N/A
The Management of Operations,Jack R. Meredith,1992,N/A,808,N/A,N/A
Agricultural Economics Report,,1965,N/A,N/A,N/A,N/A
The Audio Programming Book,"Richard Boulanger, Victor Lazzarini",2010,MIT Press,917,N/A,N/A
Classics in Software Engineering,Edward Yourdon,1979,N/A,446,N/A,N/A
Borland Pascal from Square One,Jeff Duntemann,1993,Random House Puzzles & Games,810,N/A,N/A
Languages for Developing User Interfaces,Brad A. Myers,1992,A K Peters/CRC Press,490,N/A,N/A
Information Processing,,1986,N/A,1262,N/A,N/A
The Pragmatic Programmer,"David Thomas, Andrew Hunt",2019,Addison-Wesley Professional,N/A,N/A,N/A
Microtimes,,1992,N/A,1042,N/A,N/A
Microsoft Excel Developer's Kit,Microsoft Corporation,1994,N/A,490,N/A,N/A
The Art of Computer Programming: Sorting and searching,Donald Ervin Knuth,1973,Addison Wesley,734,4.5,4
Crafting Interpreters,Robert Nystrom,2021,Genever Benning,640,N/A,N/A
Access Database for Pragmatic Programmers: A Step by Step Guide to Create Database-Driven Application Using Python,Vivian Siahaan,2019,SPARTA PUBLISHER,371,N/A,N/A
OCA Java SE 7 Programmer Study Guide (Exam 1Z0-803),Budi Kurniawan,2015,Brainy Software Inc,296,N/A,N/A
"Proceedings of the IFAC 6th World Congress, Boston/Cambridge, Massachusetts, U.S.A., August 24-30, 1975",International Federation of Automatic Control,1975,N/A,776,N/A,N/A
The Go Programming Language,"Brian W. Kernighan, Alan Donovan",2015,Addison-Wesley Professional,400,N/A,N/A
MRC Technical Summary Report,United States. Army. Mathematics Research Center,1984,N/A,202,N/A,N/A
"New Trends in Software Methodologies, Tools and Techniques","H. Fujita, M. Mejri",2006,IOS Press,492,N/A,N/A
Data Processing Digest,,1966,N/A,736,N/A,N/A
Python for Everybody,Charles R. Severance,2016,N/A,242,5,1
Advances in Instrumentation,,1985,N/A,820,N/A,N/A
73 Amateur Radio,,1977,N/A,1368,N/A,N/A
Ratings Analysis,"James Webster, Patricia Phalen, Lawrence Lichty",2013,Routledge,328,N/A,N/A
Bibliography of Publications,George Washington University. Human Resources Research Office,1971,N/A,394,N/A,N/A
Standard & Poor's Industry Surveys,Standard and Poor's Corporation,1985,N/A,N/A,N/A,N/A
FCC Record,United States. Federal Communications Commission,1991,N/A,N/A,N/A,N/A
MCSE Proxy Server 2,"David Johnson, James Michael Stewart, Andy Ruth",1998,Coriolis Group,598,N/A,N/A
IBM? Assembler,"Robert W. McBeth, J. Robert Ferguson",1987,N/A,826,N/A,N/A
The Practice of Programming,"Brian W. Kernighan, Rob Pike",1999,Addison-Wesley Professional,283,2.5,2
Hacker's Delight,Henry S. Warren,2012,Addison-Wesley,512,4,3
Visual Basic 5,Steve Brown,1997,Sybex,436,N/A,N/A
Public Service Broadcasting in a Multichannel Environment,Robert K. Avery,1993,Longman Publishing Group,248,N/A,N/A
Proceedings of the 1991 IEEE Workshop on Visual Languages,,1991,N/A,276,N/A,N/A
"United States Code Service, Lawyers Edition",United States,1936,N/A,N/A,N/A,N/A
Analytical and Structural Polymorphism Expressed Using Patterns Over Types,Karl Fritz Ruehr,1992,N/A,750,N/A,N/A
Annual Technical Conference Transactions - American Society for Quality Control,American Society for Quality Control,1953,N/A,788,N/A,N/A
Memorandum -,,1968,N/A,844,N/A,N/A
Environmental Protection,"Frank F. Skillern, Thomas D. Selz",1991,McGraw-Hill Companies,886,N/A,N/A
Economic Costs and Benefits of Rural Road Improvement in the Eastern Kentucky Coal Fields,"Dana George Card, Eldon D. Smith, Kentucky Agricultural Experiment Station, Kurt R. Anschel, Willard H. Minton, James Keith Wilkinson",1973,N/A,612,N/A,N/A
Parallel Inference Engine,Hidehiko Tanaka,2000,IOS Press,304,N/A,N/A
Research Bulletin,Massachusetts Agricultural Experiment Station,1986,N/A,N/A,N/A,N/A
Official Journal of the European Communities,,1994,N/A,336,N/A,N/A
Mastering Delphi,Marco Cantù,1995,Sybex Incorporated,1614,N/A,N/A
Australian Water Resources Council Technical Paper,,1979,N/A,456,N/A,N/A
EDN,,1984,N/A,1860,N/A,N/A
Teach Yourself Visual Basic 5 for Applications in 21 Days,Matthew Harris,1997,Sams Publishing,1288,N/A,N/A
Staff Paper,,1991,N/A,N/A,N/A,N/A
Robots and Automated Manufacture,John Billingsley,1985,Institution of Engineering & Technology,254,N/A,N/A
Proceedings of the Conference on Probability Theory,,1971,N/A,656,N/A,N/A
Mastering the Micro,"Dorothy H. Judd, Robert C. Judd",1984,Pearson Scott Foresman,186,N/A,N/A
Miller's Comprehensive GAAP Guide,Martin A. Miller,1990,N/A,1118,N/A,N/A
Prairie Farmer and WLS,James F. Evans,1969,Urbana : University of Illinois Press,364,N/A,N/A
"ActiveBook, Management Information Systems","Kenneth C. Laudon, Jane Price Laudon",2003,Prentice Hall,488,N/A,N/A
A.E. Res,,1988,N/A,N/A,N/A,N/A
Watching While Black,Beretta E. Smith-Shomade,2013,Rutgers University Press,280,5,1
Practical Programming,"Paul Gries, Jennifer Campbell, Jason Montojo",2013,N/A,375,N/A,N/A
Official Report of the Debates of the House of Commons,Canada. Parliament. House of Commons,1986,N/A,1396,N/A,N/A
Programming JavaScript Applications,Eric Elliott,2014,"""O'Reilly Media, Inc.""",253,N/A,N/A
Cable Vision,,1994,N/A,548,N/A,N/A
Development Co-operation,,1980,N/A,762,N/A,N/A
Computer Programming and Computer Systems,Anthony Hassitt,2014,Academic Press,384,N/A,N/A
NASA Tech Briefs,,1993,N/A,N/A,N/A,N/A
Literate Programming,Donald Ervin Knuth,1992,Stanford Univ Center for the Study,368,N/A,N/A
Financial Optimization,Hercules Vladimirou,2007,N/A,450,N/A,N/A
Water Quality Modelling for Rivers and Streams,"Marcello Benedini, George Tsakiris",2013,Springer Science & Business Media,288,N/A,N/A
Interactive Theorem Proving and Program Development,"Yves Bertot, Pierre Castéran",2013,Springer Science & Business Media,472,N/A,N/A
"Leveraging Applications of Formal Methods, Verification and Validation. Specialized Techniques and Applications","Tiziana Margaria, Bernhard Steffen",2014,Springer,644,N/A,N/A
Programming in C: A Practical Approach,"Mittal, Ajay",2010,Pearson Education India,764,N/A,N/A
Practical C++ Programming,Steve Oualline,2003,N/A,549,3,1
Exercises for Programmers,Brian P. Hogan,2015,Pragmatic Bookshelf,123,N/A,N/A
Learn C Programming,Jeff Szuhay,2020,N/A,646,N/A,N/A
"Standard Handbook of Electronic Engineering, 5th Edition","Donald Christiansen, Charles Alexander, Ronald K. Jurgen, Ronald Jurgen",2005,McGraw Hill Professional,2106,N/A,N/A
Planning Algorithms,Steven M. LaValle,2006,Cambridge University Press,N/A,N/A,N/A
Structure and Interpretation of Computer Programs,"Harold Abelson, Gerald Jay Sussman",2022,MIT Press,642,5,1
Programming Perl,"Larry Wall, Tom Christiansen, Jon Orwant",2000,"""O'Reilly Media, Inc.""",1104,4,59
Assembler for COBOL Programmers,Hank A. Murphy,1991,McGraw-Hill Companies,520,N/A,N/A
C++ Programmer's Notebook,"James Edward Keogh, John Shapley Gray",2002,Prentice Hall,532,N/A,N/A
Intel486 Microprocessor Family Programmer's Reference Manual,Intel Corporation,1992,Intel Books,928,N/A,N/A
Mathematics of Operations Research,,1989,N/A,806,N/A,N/A
Cablefile,,1986,N/A,570,N/A,N/A
Publication,University of Missouri. Freedom of Information Center,1984,N/A,216,N/A,N/A
ICFEM 2000,"Shaoying Liu, John McDermid, Michael Gerard Hinchey",2000,IEEE Computer Society Press,224,N/A,N/A
Discovery and Innovation,,1999,N/A,248,N/A,N/A
Chain Store Age,,2002,N/A,1148,N/A,N/A
Security Owner's Stock Guide,,1993,N/A,N/A,N/A,N/A
Spring Annual Conference and World Productivity Congress,American Institute of Industrial Engineers. Spring Conference,1981,N/A,828,N/A,N/A
Digest of Papers - Compcon,,1991,N/A,622,N/A,N/A
Popular Mechanics,,2004,N/A,172,N/A,N/A
Cambridge IGCSE and O Level Computer Science Second Edition,"David Watson, Helen Williams",2021,Hodder Education,352,5,1
Application and Theory of Petri Nets,,1994,N/A,608,N/A,N/A
"Invent Your Own Computer Games with Python, 4th Edition",Al Sweigart,2016,No Starch Press,377,5,1
Nuclear Science Abstracts,,N/A,N/A,648,N/A,N/A
Catalog of Federal Domestic Assistance,,2006,N/A,1120,N/A,N/A
OpenLayers 2.10 Beginner's Guide,Erik Hazzard,2011,Packt Publishing Ltd,372,N/A,N/A
Taming PYTHON By Programming,Jeeva Jose,N/A,KHANNA PUBLISHING HOUSE,346,N/A,N/A
Body Area Networks,"Sandeep K. S. Gupta, Tridib Mukherjee, Krishna Kumar Venkatasubramanian",2013,Cambridge University Press,N/A,N/A,N/A
Time and Media Markets,"Alan B. Albarran, Angel Arrese Reca",2003,Routledge,192,N/A,N/A
Programming Elixir ≥ 1.6,Dave Thomas,2018,Pragmatic Bookshelf,604,N/A,N/A
Natural Language Processing with Python,"Steven Bird, Ewan Klein, Edward Loper",2009,"""O'Reilly Media, Inc.""",504,4.5,4
Programming with Types,Vlad Riscutia,2019,Manning,0,N/A,N/A
Conference Publication,,1988,N/A,1026,N/A,N/A
ASHRAE Handbook,,1991,N/A,874,N/A,N/A
Building the Data Lakehouse,"Bill Inmon, Ranjeet Srivastava, Mary Levins",2021,Technics Publications,256,N/A,N/A
Data Parallel C++,"James Reinders, Ben Ashbaugh, James Brodman, Michael Kinsner, John Pennycook, Xinmin Tian",2020,Apress,548,N/A,N/A
Pertanika,,1982,N/A,1264,N/A,N/A
Problems of Control and Information Theory,,1979,N/A,516,N/A,N/A
Principles of Data Processing,Ralph M. Stair,1984,"Homewood, Ill. : R.D. Irwin",660,N/A,N/A
International Journal of Production Economics,,1998,N/A,768,N/A,N/A
Programming Windows,Charles Petzold,1998,Pearson Education,1520,4,3
Agricultural Economics Research Bulletin,,1968,N/A,134,N/A,N/A
"ADO 2.6 PROGR,",SUSSMAN,2000,Apress,724,N/A,N/A
Programmers at Work: Interviews,Susan Lammers,1986,N/A,396,4,3
Perl 5 Programmer's Notebook,Jesse Feiler,2000,Prentice Hall,292,N/A,N/A
Instrumentation in the Power Industry,,1972,N/A,142,N/A,N/A
Theories of Programming: The Life and Works of Tony Hoare,"Cliff B. Jones, Jayadev Misra",2021,ACM Books,450,N/A,N/A
The Anarchist Cookbook,William Powell,2018,Lulu.com,164,3.5,20
ACM SIGPLAN Erlang Workshop,,2004,N/A,90,N/A,N/A
Design Patterns,"Erich Gamma, Ralph Johnson, Richard Helm, Ralph E.. Johnson, John Vlissides",1995,Pearson Deutschland GmbH,512,4,12
The Nature of Code,Daniel Shiffman,2012,Nature of Code,498,5,1
Aesthetic Programming,"Winnie Soon, Geoff Cox",2020,N/A,296,N/A,N/A
A Practical Guide to Stage Lighting Third Edition,Steven Louis Shelley,2013,CRC Press,592,N/A,N/A
Global and Multinational Advertising,Basil G. Englis,2013,Psychology Press,278,N/A,N/A
"Media, Telecommunications, and Business Strategy",Richard A. Gershon,2013,Routledge,584,N/A,N/A
Lecture Notes on Bucket Algorithms,DEVROYE,1986,Progress in Computer Science and Applied Logic,168,N/A,N/A
Systems Programming,Richard Anthony,2015,Morgan Kaufmann,0,N/A,N/A
"Computers in Engineering, 1994",Kosuke Ishii,1988,N/A,374,N/A,N/A
Head First Design Patterns,"Eric Freeman, Elisabeth Robson, Bert Bates, Kathy Sierra",2004,"""O'Reilly Media, Inc.""",694,4.5,9
Bibliography of Scientific and Industrial Reports,,1964,N/A,892,N/A,N/A
Glen,Samuel Richardson,2011,Lulu.com,332,N/A,N/A
Programming Ruby,David Thomas,2004,N/A,830,4,4
Programming the Internet of Things,Andy King,2021,"""O'Reilly Media, Inc.""",424,N/A,N/A
Billboard,,1982,N/A,102,N/A,N/A
"RPG II, RPG III, and RPG/400","Gary B. Shelly, Thomas J. Cashman, Hal Goodwin",1990,Boyd & Fraser Publishing Company,876,N/A,N/A
Refactoring,"Paul Becker, Martin Fowler, Kent Beck, John Brant, William Opdyke, Don Roberts",1999,Addison-Wesley Professional,461,N/A,N/A
A Programmer's Introduction to Mathematics,Jeremy Kun,2020,N/A,400,N/A,N/A
Foundations of Quantum Programming,Mingsheng Ying,2016,Morgan Kaufmann,372,N/A,N/A
Programming Language Explorations,"Ray Toal, Rachel Rivera, Alexander Schneider, Eileen Choe",2017,CRC Press,454,N/A,N/A
"Proceedings of the Fourth Australian Computer Conference, Adelaide, 1969, August 11th to 15th: Technical papers",,1969,N/A,628,N/A,N/A
Management Science,"David G. Dannenbring, Martin Kenneth Starr",1981,McGraw-Hill Companies,808,N/A,N/A
Architecture in the Digital Age,Branko Kolarevic,2004,Taylor & Francis,441,5,1
Clever Algorithms,Jason Brownlee,2011,Jason Brownlee,437,N/A,N/A
Advances in Computational Intelligence,"Ignacio Rojas, Gonzalo Joya, Joan Cabestany",2013,Springer,517,N/A,N/A
Electronics - Circuits and Systems,Owen Bishop,2007,Routledge,385,N/A,N/A
Visual Basic .NET,Ken Carney,2011,Lulu.com,437,N/A,N/A
The Politics of Southeast Asia's New Media,William Atkins,2013,Routledge,248,N/A,N/A
Assembly Bill,California. Legislature. Assembly,1983,N/A,N/A,N/A,N/A
"Essentials of Programming Languages, third edition","Daniel P. Friedman, Mitchell Wand",2008,MIT Press,433,N/A,N/A
Hands-On Programming with R,Garrett Grolemund,2014,"""O'Reilly Media, Inc.""",249,4,1
Eloquent JavaScript,Marijn Haverbeke,2011,No Starch Press,227,4,6
Advanced R,Hadley Wickham,2015,CRC Press,476,4,2
"Hands-On Machine Learning with Scikit-Learn, Keras, and TensorFlow",Aurélien Géron,2019,O'Reilly Media,851,N/A,N/A
The Pragmatic Programmer,Andrew Hunt,1900,Pearson Education India,354,4,6
Direct Methods for Sparse Matrices,"O. Osterby, Z. Zlatev",1983,Lecture Notes in Computer Science,140,N/A,N/A
Programming in Objective-C 2.0,Stephen G. Kochan,2009,Addison-Wesley Professional,600,3,2
Programming Pearls,Jon Bentley,2016,Addison-Wesley Professional,256,4.5,2
Python Programming,John M. Zelle,2004,"Franklin, Beedle & Associates, Inc.",533,4,20
Proceedings,,1970,N/A,748,N/A,N/A
Programming Rust,"Jim Blandy, Jason Orendorff, Leonora F .S. Tindall",2021,"""O'Reilly Media, Inc.""",738,N/A,N/A
Math for Programmers,Paul Orland,2021,Manning Publications,686,N/A,N/A
Computer Programming with MATLAB,"J. Michael Fitzpatrick, Ákos Lédeczi",2015,N/A,366,5,1
Human Programming,Scott Selisker,2016,U of Minnesota Press,248,N/A,N/A
Python Programming,Reema Thareja,2019,"Oxford University Press, USA",0,4,2
InfoWorld,,1979,N/A,12,N/A,N/A
WordPress For Dummies®,Lisa Sabin-Wilson,2010,John Wiley & Sons,410,N/A,N/A
Digital Computer Applications to Process Control,M. Paul,2016,Elsevier,616,N/A,N/A
Intelligent Image Processing in Prolog,Bruce G. Batchelor,2012,Springer Science & Business Media,372,N/A,N/A
C Programming,k. N. King,2017,N/A,216,N/A,N/A
Billboard,,1994,N/A,134,N/A,N/A
How To Code in Python 3,Lisa Tagliaferri,2018,DigitalOcean,N/A,5,1
Python Tutorial,Guido Rossum,2018,Createspace Independent Publishing Platform,158,N/A,N/A
Head First Python,Paul Barry,2016,"""O'Reilly Media, Inc.""",624,5,1
C Programming Language for Beginners,Will Norton,2020,N/A,162,N/A,N/A
Functional Reactive Programming,Stephen Blackheath,2016,Simon and Schuster,360,N/A,N/A
Computer Science,"David Watson, Helen Williams",2016,Hodder Education,80,N/A,N/A
Operating Systems,"Remzi H. Arpaci-Dusseau, Andrea C. Arpaci-Dusseau",2018,Createspace Independent Publishing Platform,714,5,1
Make Your Own Neural Network,Tariq Rashid,2016,Createspace Independent Publishing Platform,0,N/A,N/A
Code Complete,Steve McConnell,2004,Pearson Education,960,4,13
Practical Probabilistic Programming,Avi Pfeffer,2016,Manning Publications,456,N/A,N/A
Clean Code,Robert C. Martin,2009,Pearson Education,464,4.5,10
"Structure and Interpretation of Computer Programs, second edition","Harold Abelson, Gerald Jay Sussman",1996,MIT Press,685,4.5,2
C Programming Patterns,Mohmad Yakub,2019,N/A,397,N/A,N/A
CS for All,"Christine Alvarado, Ran Libeskind-Hadas, Geoffrey H. Kuenning, Zachary Dodds",2019,N/A,N/A,N/A,N/A
The C# Programming Yellow Book,Rob Miles,2018,Independently Published,224,N/A,N/A
Functional Programming in C++,Ivan Cukic,2018,Manning Publications,320,N/A,N/A
Make,,2014,N/A,N/A,N/A,N/A
Head First Object-Oriented Analysis and Design,"Brett McLaughlin, Gary Pollice, David West",2006,"""O'Reilly Media, Inc.""",634,4,24
Popular Mechanics,,1995,N/A,150,N/A,N/A
Mini-micro Systems,,1982,N/A,N/A,N/A,N/A
Computer Science Distilled,Wladston Ferreira Filho,2017,N/A,180,N/A,N/A
Paper,,1972,N/A,886,N/A,N/A
JavaScript for Kids,Nick Morgan,2014,No Starch Press,338,4,3
Advanced Programming in the UNIX® Environment,Stevens,2005,Pearson Education India,956,4.5,6
Starting Out with Python,Tony Gaddis,2017,N/A,0,N/A,N/A
Programming Rust,"Jim Blandy, Jason Orendorff",2017,"""O'Reilly Media, Inc.""",621,5,1
A Book on C,"Al Kelley, Ira Pohl",1990,Benjamin-Cummings Publishing Company,548,N/A,N/A
Coding All-in-One For Dummies,Nikhil Abraham,2017,John Wiley & Sons,100,N/A,N/A
The Programmer's Brain,Felienne Hermans,2021,Simon and Schuster,256,4,1
Basic Programming,"John G. Kemeny, Thomas E. Kurtz",1971,New York : Wiley,186,N/A,N/A
Coders at Work,Peter Seibel,2009,Apress,619,4,12
Scratch Programming,Caitlin Prim,N/A,N/A,N/A,N/A,N/A
Billboard,,2006,N/A,92,5,1
A Programming Language,Kenneth E. Iverson,1962,N/A,322,4,1
"Python Crash Course, 2nd Edition",Eric Matthes,2019,No Starch Press,546,4,2
You Don't Know JS: Scope & Closures,Kyle Simpson,2014,"""O'Reilly Media, Inc.""",105,5,1
PowerShell for Sysadmins,Adam Bertram,2020,No Starch Press,321,N/A,N/A
"Advanced R, Second Edition",Hadley Wickham,2019,CRC Press,562,N/A,N/A
Practical Foundations for Programming Languages,Robert Harper,2016,Cambridge University Press,513,N/A,N/A
The Clean Coder,Robert C. Martin,2011,Pearson Education,247,4,2
Problem Solving with C++,Walter J. Savitch,2005,N/A,936,5,1
Cambridge IGCSE® Computer Science Coursebook,"Sarah Lawrey, Donald Scott",2015,Cambridge University Press,233,4,3
Learn to Program with C,Noel Kalicharan,2015,Apress,323,3.5,2
A Book on C,"Al Kelley, Ira Pohl",1995,Addison Wesley Publishing Company,660,N/A,N/A
Bayesian Methods in the Search for MH370,"Sam Davey, Neil Gordon, Ian Holland, Mark Rutten, Jason Williams",2016,Springer,114,N/A,N/A
Perl Cookbook,"Tom Christiansen, Nathan Torkington",2003,"""O'Reilly Media, Inc.""",968,4.5,24
Python® Programming for Dummies®,"John Mueller, Luca Massaron",2018,N/A,425,N/A,N/A
Cambridge IGCSE® Computer Science Revision Guide,"David Watson, Helen Williams",2015,Cambridge University Press,225,5,1
Learn OpenGL,Joey de Vries,2020,N/A,522,N/A,N/A
SQL QuickStart Guide,Walter Shields,2019,ClydeBank Media LLC ,251,4,16
Palm Programming,"Neil Rhodes, Julie McKeehan",1999,O'Reilly Media,506,N/A,N/A
Hello World!,"Warren Sande, Carter Sande",2019,Manning,0,N/A,N/A
Think Like a Programmer,V. Anton Spraul,2012,No Starch Press,256,4,2
How to Design Programs,"Matthias Felleisen, Robert Bruce Findler, Shriram Krishnamurthi, Matthew Flatt",2001,MIT Press,728,4.5,8
Python Tricks,Dan Bader,2017,Dan Bader,302,4,1
Hacking- The art Of Exploitation,J. Erickson,2018,oshean collins,214,5,1
InfoWorld,,1999,N/A,84,N/A,N/A
"Black Hat Python, 2nd Edition","Justin Seitz, Tim Arnold",2021,No Starch Press,216,N/A,N/A
Python For Dummies,"Stef Maruch, Aahz Maruch",2011,John Wiley & Sons,432,2,3
Programming the Internet of Things,Andy King,2021,O'Reilly Media,350,N/A,N/A
AVR Programming,Elliot Williams,2014,"Maker Media, Inc.",873,3.5,3
Congressional Record,United States. Congress,N/A,N/A,2146,N/A,N/A
JavaScript: The Definitive Guide,David Flanagan,2020,O'Reilly Media,707,N/A,N/A
Head First Java,"Kathy Sierra, Bert Bates",2005,"""O'Reilly Media, Inc.""",720,4.5,5
Learn Python 3 the Hard Way,Zed A. Shaw,2017,Addison-Wesley Professional,320,5,2
Software Engineering at Google,"Titus Winters, Tom Manshreck, Hyrum Wright",2020,O'Reilly Media,602,4,4
C Programming,K. N. King,2017,Createspace Independent Publishing Platform,216,N/A,N/A
Learning JavaScript Design Patterns,Addy Osmani,2012,"""O'Reilly Media, Inc.""",247,5,1
Non-Programmers Tutorial For Python 2 and 3,Josh Cogliati,2018,Lulu.com,90,N/A,N/A
Hello Ruby: Adventures in Coding,Linda Liukas,2015,Macmillan,114,4,2
Python Programming for the Absolute Beginner,"Mike Dawson, Michael Dawson",2006,Course Technology,0,N/A,N/A
Code,,1999,N/A,393,5,1
Learning to Program,Steven Foote,2014,Pearson Education,336,N/A,N/A
The Complete Software Developer's Career Guide,John Z. Sonmez,2017,"Simple Programmer, LLC",796,N/A,N/A
Billboard,,1961,N/A,40,N/A,N/A
Python Crash Course,Eric Matthes,2015,No Starch Press,564,5,1
Programming in C,Reema Thareja,2018,N/A,392,5,1
Zero Bugs and Program Faster,Kate Thompson,2016,Kate Thompson,182,N/A,N/A
Learn to Program,Chris Pine,2021,Pragmatic Bookshelf,317,N/A,N/A
Coding For Dummies,Nikhil Abraham,2015,John Wiley & Sons,292,N/A,N/A
Code Craft,Pete Goodliffe,2006,No Starch Press,624,N/A,N/A
Get Programming with Go,"Roger Peppe, Nathan Youngman",2018,Simon and Schuster,360,N/A,N/A
A Tour of C++,Bjarne Stroustrup,2013,Addison-Wesley,192,3.5,2
Structured programming,,1974,N/A,220,N/A,N/A
Java All-in-One For Dummies,Doug Lowe,2017,John Wiley & Sons,964,N/A,N/A
Beginning JavaScript,Paul Wilton,2004,John Wiley & Sons,1035,N/A,N/A
"Proceedings of the Estonian Academy of Sciences, Physics and Mathematics",,1998,N/A,104,N/A,N/A
Core Python Programming,Wesley J Chun,2006,Pearson Education,1136,2,1
Data Science at the Command Line,Jeroen Janssens,2021,O'Reilly Media,250,N/A,N/A
C Programming Absolute Beginner's Guide,"Greg Perry, Dean Miller",2017,N/A,216,N/A,N/A
The Little LISPer,"Daniel P. Friedman, Matthias Felleisen",1989,Prentice Hall,226,3.5,2
The Python Book,Amy Best,N/A,N/A,178,N/A,N/A
How to Think Like a Computer Scientist,A.B. Downey,2012,N/A,191,N/A,N/A
Managing Humans,Michael Lopp,2008,Apress,209,4,3
The Only Bitcoin Investing Book You'll Ever Need: An Absolute Beginner's Guide to the Cryptocurrency Which Is Changing the World and Your Finances in,Freeman Publications,2021,N/A,114,5,1
Code Simplicity,Max Kanat-Alexander,2012,N/A,N/A,N/A,N/A
PC Mag,,1994,N/A,446,N/A,N/A
"Concepts, Techniques, and Models of Computer Programming","Peter Van-Roy, Seif Haridi",2004,N/A,900,5,1
Get Programming with JavaScript Next,JD Isaacks,2018,Simon and Schuster,376,N/A,N/A
The Object-Oriented Thought Process,Matt Weisfeld,2008,Pearson Education,504,N/A,N/A
Aerospace Materials,"Brian Cantor, H Assender, P. Grant",2015,CRC Press,312,N/A,N/A
Object-Oriented Programming with C++,David Parsons,2001,Continuum International Publishing Group,0,N/A,N/A
T-SQL Window Functions,Itzik Ben-Gan,2019,Microsoft Press,352,N/A,N/A
Demystifying Internet of Things Security,"Sunil Cheruvu, Anil Kumar, Ned Smith, David M. Wheeler",2019,Apress,264,N/A,N/A
Programming Languages,Terrence W. Pratt,1984,Prentice Hall,634,N/A,N/A
"Trace Letters, Ages 3 - 5","Brighter Child, Carson-Dellosa Publishing",2013,Carson-Dellosa Publishing,35,N/A,N/A
Dependable and Historic Computing,"Cliff Jones, John L. Lloyd",2011,Springer Science & Business Media,532,N/A,N/A
Hands-On GUI Programming with C++ and Qt5,Lee Zhi Eng,2018,N/A,404,N/A,N/A
Coding Games in Scratch,Jon Woodcock,2019,National Geographic Books,0,N/A,N/A
Feature Engineering Bookcamp,Sinan Ozdemir,2022,Simon and Schuster,270,N/A,N/A
Excel 2021,Anthony Python,2021,Anthony Python,0,N/A,N/A
First Semester in Numerical Analysis with Julia,Giray Ökten,2019,N/A,N/A,N/A,N/A
Computer Programming And Cyber Security for Beginners,Zach Codings,2019,Independently Published,408,N/A,N/A
Let IT Go,Stephanie Shirley,2015,N/A,N/A,N/A,N/A
Begin to Code with Python,Rob Miles,2018,Microsoft Press,500,N/A,N/A
CSS Pocket Reference,Eric A. Meyer,2011,"""O'Reilly Media, Inc.""",252,N/A,N/A
Java,Andy Vickler,2021,N/A,706,N/A,N/A
The Design of Web APIs,Arnaud Lauret,2019,Simon and Schuster,392,N/A,N/A
Object Design Style Guide,Matthias Noback,2019,Simon and Schuster,288,N/A,N/A
Simply JavaScript,"Kevin Yank, Cameron Adams",2007,SitePoint,528,N/A,N/A
The Definition of Standard ML,"Robin Milner, Mads Tofte, Robert Harper",1990,MIT Press (MA),188,N/A,N/A
Blogdown,"Yihui Xie, Alison Presmanes Hill, Amber Thomas",2017,CRC Press,144,N/A,N/A
The Quick Python Book,Naomi R. Ceder,2010,N/A,N/A,4,1
Peep Inside a Fairy Tale Snow Queen,,2018,Peep Inside a Fairy Tale,14,N/A,N/A
Access 2016 Bible,"Michael Alexander, Richard Kusleika",2015,John Wiley & Sons,1152,N/A,N/A
C++ Primer Plus,Stephen Prata,2004,Pearson Education,1224,N/A,N/A
C by Dissection,"Al Kelley, Ira Pohl",1992,Benjamin-Cummings Publishing Company,662,N/A,N/A
Don't Make Me Think (summary),Steve Krug,2013,N/A,0,4,22
Squeak by Example,"Andrew P. Black, Stéphan Ducasse, Oscar Nierstrasz, Damien Pollet",2007,N/A,300,N/A,N/A
Beginning C# 7 Programming with Visual Studio 2017,"Benjamin Perkins, Jacob Vibe Hammer, Jon D. Reid",2018,John Wiley & Sons,912,N/A,N/A
Cambridge IGCSE(tm) Drama Teacher's Guide,"Emma Hollis-Brown, Gail Deal",2020,Collins,192,N/A,N/A
Starting Out with C++,Tony Gaddis,2011,Addison-Wesley,997,N/A,N/A
Inorganic and Organometallic Compounds,"R.R. Gupta, N. Platzer",2001,Springer,299,N/A,N/A
SQL Queries for Mere Mortals,"John L. Viescas, Michael James Hernandez",2014,N/A,760,5,1
The Csound Book,Richard Boulanger,2000,MIT Press,788,N/A,N/A
Introducing Python,Bill Lubanovic,2019,O'Reilly Media,0,N/A,N/A
Higher-order Perl,Mark Jason Dominus,2005,Morgan Kaufmann,582,N/A,N/A
C Programming For Dummies,Dan Gookin,2020,John Wiley & Sons,464,5,1
Computer Programming for Absolute Beginners,Joakim Wassberg,2020,N/A,320,N/A,N/A
Learning Japanese Workbook for Beginners,Just Reality,2021,N/A,300,N/A,N/A
Hands-On RTOS with Microcontrollers,Brian Amos,2020,N/A,496,N/A,N/A
Computerworld,,1974,N/A,40,N/A,N/A
Python Testing with Pytest,Brian Okken,2017,N/A,222,N/A,N/A
CANDLEKEEP MYSTERIES (ALTERNATE COVER),,2021,N/A,N/A,N/A,N/A
Lifeblood,Matthew T. Huber,2013,N/A,253,N/A,N/A
Black Enterprise,,1978,N/A,80,N/A,N/A
AUUGN,,1996,N/A,46,N/A,N/A
Popular Science,,1995,N/A,102,5,1
Billboard,,1982,N/A,64,N/A,N/A
Black Enterprise,,1991,N/A,122,N/A,N/A
New York Magazine,,1997,N/A,214,N/A,N/A
Billboard,,1982,N/A,74,N/A,N/A
The Advocate,,2002,N/A,72,N/A,N/A
Ebony,,2007,N/A,244,5,1
Billboard,,1992,N/A,128,N/A,N/A
New York Magazine,,1982,N/A,120,N/A,N/A
Jet,,1985,N/A,64,N/A,N/A
Computerworld,,2005,N/A,48,N/A,N/A
Billboard,,1975,N/A,72,N/A,N/A
Popular Mechanics,,1995,N/A,126,N/A,N/A
Popular Science,,1998,N/A,116,N/A,N/A
Computerworld,,1975,N/A,44,N/A,N/A
Mother Jones Magazine,,1989,N/A,68,N/A,N/A
LIFE,,1965,N/A,128,N/A,N/A
ABA Journal,,1959,N/A,98,N/A,N/A
Billboard,,1971,N/A,78,N/A,N/A
Los Angeles Magazine,,2001,N/A,196,N/A,N/A
Popular Mechanics,,1982,N/A,216,4.5,6
InfoWorld,,2007,N/A,40,4,2
Computerworld,,1976,N/A,84,N/A,N/A
Ebony,,2008,N/A,192,5,1
Billboard,,1972,N/A,28,N/A,N/A
New York Magazine,,1995,N/A,204,5,1
Billboard,,1983,N/A,62,N/A,N/A
Billboard,,1979,N/A,140,N/A,N/A
Jet,,1996,N/A,64,N/A,N/A
CMJ New Music Report,,2003,N/A,60,N/A,N/A
Popular Mechanics,,1993,N/A,132,N/A,N/A
New York Magazine,,1980,N/A,140,N/A,N/A
New Scientist,,1973,N/A,80,N/A,N/A
The Advocate,,2005,N/A,72,N/A,N/A
New York Magazine,,1995,N/A,100,N/A,N/A
InfoWorld,,1999,N/A,138,N/A,N/A
New York Magazine,,1979,N/A,96,N/A,N/A
New Scientist,,1971,N/A,68,N/A,N/A
Billboard,,1996,N/A,100,N/A,N/A
The Advocate,,2005,N/A,72,N/A,N/A
Popular Mechanics,,1982,N/A,168,N/A,N/A
New York Magazine,,1990,N/A,244,N/A,N/A
Popular Mechanics,,1978,N/A,220,5,1
InfoWorld,,1985,N/A,64,N/A,N/A
PC Mag,,1989,N/A,450,N/A,N/A
Popular Mechanics,,1990,N/A,148,5,1
PC Mag,,1982,N/A,456,4,1
